Age,Income,SpendingScore,NumPurchases,Loyalty_Bronze,Loyalty_Gold,Loyalty_Platinum,Loyalty_Silver
0.84,0.6247809834389562,0.2354854179664097,0.0,False,False,False,True
-0.64,0.13565426113221338,2.3566236656028967,0.3333333333333333,False,False,False,True
0.08,0.7355666451007506,2.3566236656028967,0.0,False,False,False,True
1.2,-0.5407618730913182,1.7383812469091418,0.6666666666666666,False,True,False,False
-0.4,-0.513784948825028,2.3566236656028967,0.6666666666666666,False,True,False,False
-0.06,0.12944093649298768,1.626255371268597,-0.6666666666666666,False,True,False,False
0.0,-0.3824811428277534,1.7598929869478046,-0.3333333333333333,True,False,False,False
0.08,1.2560147376035529,2.0649904784554667,0.6666666666666666,False,False,False,True
-0.28,-0.3951535378474957,-0.395450118986051,0.16666666666666666,False,False,False,True
-1.12,-0.32576196096001786,1.8803332468839027,0.6666666666666666,False,False,False,True
-0.36,0.3037180099809565,0.8537725315391788,0.16666666666666666,False,False,False,True
0.88,-0.2665810316069356,1.4089434377056296,0.5,True,False,False,False
-1.16,-0.6615283932706462,2.319836509652679,1.1666666666666667,True,False,False,False
-0.04,-0.6088870919418669,2.3566236656028967,0.0,True,False,False,False
0.28,0.4088339772738073,-0.0238431823916191,-0.8333333333333334,True,False,False,False
-1.16,-0.7065619006120791,2.3566236656028967,0.0,False,True,False,False
-0.06,1.3862441291373098,2.3566236656028967,-0.3333333333333333,False,True,False,False
1.16,-0.42667503747062707,2.3566236656028967,0.3333333333333333,False,False,True,False
-0.4,0.48167495824644674,2.3566236656028967,0.16666666666666666,False,True,False,False
0.08,-0.39667447275286505,2.3566236656028967,-1.0,True,False,False,False
-0.06,-0.5314457462780474,1.491910829382183,1.0,False,True,False,False
1.08,0.16175466029743646,1.9749169552458612,0.6666666666666666,False,True,False,False
-0.36,0.9424384597643517,1.7079739633040965,-0.6666666666666666,False,False,False,True
0.72,-0.18234928142001208,-0.07351573380235431,0.0,False,False,False,True
1.12,-0.06527634654714863,1.730207532768528,-1.0,False,False,True,False
0.44,0.6716469498555722,2.3566236656028967,1.0,False,False,False,True
1.16,0.7064285696361147,0.3279231119870057,-0.3333333333333333,False,False,True,False
0.0,-0.04698223117326543,0.9854475451948087,-0.3333333333333333,True,False,False,False
-0.64,-0.29720018790900454,2.0502621158883954,0.8333333333333334,True,False,False,False
1.24,0.03825716529721278,1.5096244458330046,0.3333333333333333,False,False,False,True
1.24,-0.14714424842596185,-0.4802645539334258,0.5,False,False,False,True
0.64,0.21526275742848217,-0.46913085996625414,-0.8333333333333334,False,True,False,False
1.24,-0.6461099982138069,-0.27946138306457013,-0.5,False,False,True,False
0.8,0.18639999801421323,-0.6307623110441161,-1.0,False,False,False,True
0.96,-0.44032677372201134,-0.6916247018041578,0.3333333333333333,True,False,False,False
-0.06,0.7768025562529225,0.6077714109304803,-0.3333333333333333,False,True,False,False
-1.12,-0.4178012529150434,0.6936357106280245,0.6666666666666666,False,False,False,True
0.8,-0.4091350870207108,-1.1154434518503344,-0.6666666666666666,True,False,False,False
-0.96,0.3266540741672853,-1.8975808956674511,10.833333333333334,False,False,False,True
-0.4,-0.010533654621849983,0.7038496050423431,-0.5,False,True,False,False
-0.06,2.9317349796207632,-1.00248351185099,0.5,False,True,False,False
0.32,-0.7958284972132081,0.07062657962374753,0.0,False,False,False,True
-0.52,0.05811305441451377,-1.253256184854709,-1.2016666666666664,True,False,False,False
-1.08,1.0359112631790648,0.8783260482628984,1.1666666666666667,False,False,True,False
1.16,-0.36987864617748634,1.8058041900629942,0.0,False,True,False,False
-0.68,-0.5293812975888215,0.048340290581967295,0.16666666666666666,False,False,False,True
-0.88,-0.511689518195172,-0.15779575623036934,0.0,True,False,False,False
0.88,-0.7904626990690888,-0.32755020956282765,1.0,False,True,False,False
-1.16,1.32062394933914,0.49424012530317984,0.3333333333333333,True,False,False,False
1.16,-0.2318923369566156,0.3348511999341547,0.0,True,False,False,False
0.08,-0.2997319234277199,0.6592766272071161,0.6666666666666666,False,False,False,True
0.52,-0.8372224011270218,-0.5551756181368652,1.1666666666666667,True,False,False,False
-0.92,-0.7325246281492631,0.16544504568795895,-0.3333333333333333,False,False,False,True
0.64,1.4833461706036486,-0.49156637660298325,0.16666666666666666,True,False,False,False
0.16,0.2072532691983395,-0.8751251838139886,-0.3333333333333333,False,True,False,False
0.0,1.0814336096378196,-0.11827674752631946,-0.3333333333333333,True,False,False,False
0.0,0.928598725534048,-0.7744778996156291,0.0,True,False,False,False
0.2,-0.5682446852595995,0.7859975660998803,-0.6666666666666666,True,False,False,False
0.76,3.2775304942964567,-0.7293719519402418,0.0,False,False,True,False
-1.08,2.2767049224271654,0.18288540991429802,0.8333333333333334,False,True,False,False
-1.16,-0.36227095718119484,-0.5369417137255744,3.1666666666666665,True,False,False,False
-1.0,-0.8372224011270218,0.11850589530574145,0.16666666666666666,False,True,False,False
0.92,-0.24766698467167092,-0.4778158922205806,-0.16666666666666666,False,False,False,True
-1.08,0.1556231892134831,-1.0236330225372097,-0.16666666666666666,False,False,True,False
0.92,-0.36434346604135825,0.2723842253387728,0.5,False,False,False,True
1.28,-0.16635571624358972,-0.2629914670016978,-0.6666666666666666,False,True,False,False
-0.52,-0.4924882896876364,0.12514772086103498,-0.5,True,False,False,False
0.52,0.7941041620645508,-0.40698195295818407,-0.5,False,False,False,True
0.12,0.024528725416745698,-1.0762820582329808,0.3333333333333333,False,False,True,False
0.08,0.8273099239731764,0.7185918416721484,0.16666666666666666,False,False,False,True
1.24,1.1518547268923807,0.4607104473103335,-0.6666666666666666,True,False,False,False
-0.68,-0.8372224011270218,-0.5097993024787696,-0.3333333333333333,True,False,False,False
0.68,-0.4653680112482631,-0.0357993922120386,-1.0,False,True,False,False
-0.64,-0.3934287455662529,0.6879523176092843,-0.5,False,False,False,True
0.08,3.334468983241998,-0.4279710746404885,0.3333333333333333,False,False,False,True
0.16,0.08717565855383358,-0.31247200101198286,-0.8333333333333334,False,False,True,False
1.24,0.6770121655675628,0.09361986484788645,0.8333333333333334,True,False,False,False
0.36,-0.8372224011270218,-0.4294991588852259,0.8333333333333334,True,False,False,False
0.16,0.08284191136581529,0.5502892435892272,0.16666666666666666,False,False,True,False
0.0,0.8574945797764473,-0.21347672072516605,-0.3333333333333333,True,False,False,False
0.88,0.7292578674992283,-0.6713934419122389,0.0,True,False,False,False
-0.28,0.48848887808356384,0.36533660372454746,-0.3333333333333333,False,False,False,True
-0.2,-0.011382247887381463,-0.9379651047541226,1.0,False,True,False,False
1.16,0.02304655711721971,1.412164678695502,-0.3333333333333333,True,False,False,False
0.4,-0.815222687017664,1.0902922315710255,0.3333333333333333,False,False,True,False
-0.08,-0.5249461282755469,0.2945103207859722,-0.16666666666666666,False,True,False,False
-0.64,0.1498709795390787,0.23185691079735218,12.736666666666679,True,False,False,False
0.56,-0.4391952881902927,0.19695151535914715,0.16666666666666666,False,True,False,False
0.08,0.5516999201111188,-0.4518344253225513,0.8333333333333334,False,False,False,True
0.08,0.3453431609078488,0.13357801825160426,-0.6666666666666666,False,False,False,True
-0.88,1.3448675395512346,-0.7749393485228161,-0.3333333333333333,False,True,False,False
-1.2,0.8348688319796238,0.28730655865522037,-0.8333333333333334,False,False,True,False
-0.92,0.1469978104280299,0.5582954029725853,-0.16666666666666666,True,False,False,False
1.28,0.6106355064440729,-0.3691977272817623,-0.6666666666666666,False,False,False,True
-0.8,0.8881209111058899,-0.53074779241904,12.666666666666666,False,False,False,True
0.08,-0.332285758325794,-0.9903321078326575,0.0,False,False,False,True
-0.92,-0.23172336803160332,-0.003985637454500702,12.736666666666679,False,False,False,True
0.16,-0.08622063884488737,-0.47161301223353774,0.8333333333333334,True,False,False,False
0.16,-0.31492268944790036,-0.23568881079557277,-0.16666666666666666,False,True,False,False
0.08,0.9003262725774829,0.13569658260631076,0.0,False,False,False,True
-1.04,-0.39509845317939657,0.12233583823295305,0.6666666666666666,True,False,False,False
0.4,1.1898842384378872,0.4680074710582787,0.6666666666666666,False,True,False,False
-0.12,-0.25372956284792886,-0.370123646682757,-0.3333333333333333,False,True,False,False
-0.96,0.35028300919326877,-0.9353874055109552,0.5,False,False,False,True
0.0,0.1002827054280912,-1.0656583375910942,0.16666666666666666,True,False,False,False
0.08,-0.5577852330657013,-0.518951350759165,0.8333333333333334,False,False,False,True
-0.76,-0.034227065650827115,-0.796317400661209,-0.6666666666666666,True,False,False,False
0.12,0.23216712000494924,-0.31376147966551887,0.0,True,False,False,False
0.08,-0.06447840648421106,0.8856390661718024,-0.5,False,True,False,False
0.68,-0.7008940719418423,-0.36859631690415406,0.0,True,False,False,False
-0.32,1.8460344210544424,-0.3688737278114785,-0.3333333333333333,True,False,False,False
1.24,0.04191896053846886,-0.0999517109012667,-0.16666666666666666,True,False,False,False
0.24,-0.4765568795988113,-0.3896981317078529,1.1666666666666667,True,False,False,False
0.52,1.7172506892884032,-0.1379113393460166,0.3333333333333333,True,False,False,False
0.16,0.48278685949784134,0.3148877889194691,0.5,False,False,True,False
0.0,-0.6483658536426204,0.5708791030586794,1.1666666666666667,True,False,False,False
0.64,-0.5865525969945287,0.659064279419527,-0.5,True,False,False,False
0.0,-0.1668990825035191,1.443410563877985,-0.6666666666666666,True,False,False,False
-1.12,0.2025653231917168,0.33609638171096184,-0.3333333333333333,False,False,True,False
-1.2,0.4879191924054655,1.5756387981083477,-0.16666666666666666,False,False,False,True
-1.04,0.8258150364288633,-0.6657700697079932,0.16666666666666666,False,False,False,True
-0.68,0.4104793330931112,1.46904282089615,1.6666666666666667,False,True,False,False
-0.16,1.3165845143019987,-0.37090240610566333,0.0,False,False,False,True
-0.88,0.07061787528092012,-0.2976837397147254,-0.6666666666666666,True,False,False,False
0.0,-0.46020300313186646,-0.17697929454725544,-1.0,True,False,False,False
-0.64,-0.022786505386770264,-0.25048905794308307,0.5,False,False,False,True
0.44,-0.06763325893160106,-0.0238431823916191,0.16666666666666666,True,False,False,False
-0.06,-0.8372224011270218,-0.5195266131345965,0.8333333333333334,False,True,False,False
0.8,-0.3610107560649514,0.5300933546478551,0.5,True,False,False,False
1.28,0.21626348541461457,-0.49928371875701844,0.16666666666666666,False,False,False,True
0.84,-0.2864104599130048,-0.0238431823916191,0.16666666666666666,True,False,False,False
-1.08,-0.4046622301337467,1.0495184965538649,-0.6666666666666666,True,False,False,False
-0.32,0.7828174945464935,-0.3535770914511864,-0.5,False,False,False,True
-0.64,-0.5320198703188731,0.0750268170628007,-0.3333333333333333,False,False,True,False
0.48,0.5741985938623907,0.32850321641963687,-1.1666666666666667,False,False,False,True
-0.08,-0.6973432311706211,1.5893420027370593,0.3333333333333333,False,True,False,False
0.2,3.334468983241998,-0.4635483990324423,0.3333333333333333,True,False,False,False
-0.72,-0.16271528821469358,0.5041202486638754,0.16666666666666666,True,False,False,False
0.04,-0.2281383545879528,-1.2981736957730667,0.3333333333333333,True,False,False,False
0.0,1.0523875040380797,-0.45686937907835673,0.5,True,False,False,False
1.12,-0.2833048015224556,0.17532727239750798,-0.16666666666666666,True,False,False,False
-0.12,1.4682402821876614,0.949347093265602,-0.16666666666666666,True,False,False,False
-0.06,0.26366314090470766,-1.0003492298860583,-0.3333333333333333,False,True,False,False
0.44,-0.10044346550870109,0.4974346614673249,0.3333333333333333,True,False,False,False
0.56,-0.1685236037293175,-0.13480877584187526,1.3333333333333333,False,False,False,True
1.24,1.133192579170481,-1.2203944989688902,-0.5,False,False,False,True
1.04,0.14951433642142908,0.047432055539621466,-0.6666666666666666,False,False,False,True
-1.0,0.3153117200068696,1.1845836518616755,-0.6666666666666666,False,False,False,True
-0.12,0.4117823782232774,-0.9218053189375074,0.6666666666666666,True,False,False,False
-0.12,0.07517872808303956,-0.1695836415668605,0.0,True,False,False,False
0.52,0.39261595884854333,-0.82221454191785,0.3333333333333333,False,True,False,False
-0.04,-0.10039462397657002,-0.43656506252220145,0.5,False,True,False,False
1.24,-0.054684261529481616,-0.0238431823916191,-0.6666666666666666,True,False,False,False
0.0,-0.6167823330445532,-0.0238431823916191,-0.8333333333333334,True,False,False,False
1.24,0.20293128100845448,0.9556044861293703,-0.3333333333333333,False,True,False,False
-1.2,-0.8230114062653573,0.737853954640663,-0.6666666666666666,True,False,False,False
-0.16,0.19150419331916183,-0.3577722830842125,-0.16666666666666666,False,False,False,True
1.24,-0.20262203215573193,-0.4618875280036221,-0.5,False,False,False,True
0.0,0.26617119059474076,-0.7547404971759365,-0.3333333333333333,True,False,False,False
-1.12,-0.58833921521258,-0.7807075220214332,-0.8333333333333334,False,False,False,True
0.08,-0.8372224011270218,0.17518922556635452,-1.2016666666666664,False,False,False,True
0.0,-0.24436332119860368,-0.10247270607770713,0.5,True,False,False,False
-0.16,-0.5871375933572074,-0.5519663734190766,-0.8333333333333334,False,False,False,True
-0.88,-0.8372224011270218,-1.2406688825371157,0.3333333333333333,False,True,False,False
1.24,0.6309661371389303,-0.008702962828736567,0.0,False,False,False,True
0.24,1.686842670763815,-0.43728658599278347,0.16666666666666666,True,False,False,False
0.8,-0.4777949770325954,-0.2331270201054657,0.16666666666666666,False,False,False,True
0.52,-0.07218972624969956,0.13905110467283002,0.16666666666666666,False,True,False,False
-0.28,-0.21893997830802786,-1.8975808956674511,-0.5,False,True,False,False
0.08,-0.4110330260279516,-1.2291391225093837,-0.8333333333333334,False,False,False,True
1.12,0.5272085962249153,1.621765953475875,0.6666666666666666,True,False,False,False
0.04,0.893923693132113,-0.4648734168746568,-0.16666666666666666,False,True,False,False
0.84,-0.510672748035687,-1.8975808956674511,0.16666666666666666,False,True,False,False
1.24,0.011041481409743224,-1.1671036013022722,0.6666666666666666,True,False,False,False
1.08,1.2330146771543786,1.761734340643228,0.5,False,False,False,True
0.84,0.5518942918900556,-0.6110671080876307,0.16666666666666666,True,False,False,False
-0.76,0.7034333246668073,0.7750458946248663,0.8333333333333334,False,True,False,False
0.32,1.3457154768142638,0.0024180470254947994,-0.5,True,False,False,False
-1.16,1.3276565483002665,-0.4487616611835757,-0.3333333333333333,False,False,False,True
-1.12,0.9153537196474775,0.48951022152314805,0.3333333333333333,False,False,True,False
1.0,0.08412948870799788,-1.8626986694889502,0.6666666666666666,False,True,False,False
0.16,-0.262677036563151,-1.1605471085839072,0.5,False,False,True,False
1.12,0.053434425022874384,-0.4542584137223288,-0.8333333333333334,False,False,True,False
-1.16,-0.3467475335180501,-1.0874243985979342,-0.3333333333333333,True,False,False,False
-1.16,-0.8372224011270218,-0.5200847662131346,-0.8333333333333334,False,False,False,True
0.92,-0.20194644077452414,0.5477738963008602,1.0,False,False,False,True
-1.2,0.25191829050778175,0.010620566363022978,-0.6666666666666666,False,True,False,False
-0.48,-0.3745345300617879,0.9027891008866756,-0.3333333333333333,True,False,False,False
-1.16,-0.14832525065126603,0.057696396827679096,0.16666666666666666,False,False,True,False
0.88,-0.12360746757398865,0.6510600391419358,0.0,False,False,False,True
0.52,1.3304134746874599,-0.13543918012598405,-0.3333333333333333,False,True,False,False
0.04,-0.24935704483909774,-0.5271550071929147,-0.8333333333333334,True,False,False,False
0.0,1.3301071759301053,1.0144151161002448,-0.3333333333333333,True,False,False,False
0.04,-0.8372224011270218,-0.615796257773736,-0.16666666666666666,False,True,False,False
0.0,1.318099024827718,0.16821957275107427,0.5,True,False,False,False
0.96,1.2500942705675984,0.4846357018084567,-0.8333333333333334,False,True,False,False
0.0,0.7728302894346536,0.5386768726835414,-0.3333333333333333,True,False,False,False
1.0,-0.8372224011270218,-0.9553189577321953,-0.16666666666666666,False,True,False,False
-0.56,0.9040289993861131,0.6953450606655357,0.0,False,False,False,True
0.28,-0.0548949965857998,-0.816494640107925,0.6666666666666666,False,False,False,True
-0.28,-0.8372224011270218,0.5157569962326489,0.5,False,True,False,False
0.0,1.2511214919351805,0.3106477774571148,0.3333333333333333,True,False,False,False
0.0,1.4527937958928092,0.5216579907585087,1.0,True,False,False,False
-0.8,-0.8372224011270218,-0.9847687084280408,0.6666666666666666,True,False,False,False
-0.6,0.10710777309278556,0.3499204170501646,0.16666666666666666,False,False,False,True
0.08,1.3742747385099015,0.7203896667286837,0.0,False,False,False,True
1.12,1.1620765498432437,0.0562228232264173,-0.3333333333333333,False,True,False,False
0.08,0.7017032058138409,-0.6971359637651375,0.3333333333333333,False,False,False,True
0.08,-0.8372224011270218,0.5969311197983427,-0.5,False,False,False,True
-1.12,0.5920749345022214,-0.0029405388310463345,-1.2016666666666664,False,False,False,True
-0.44,-0.16422498179680206,-1.3342281487171908,0.8333333333333334,True,False,False,False
1.12,0.8775135993198506,-0.7548824242781564,0.16666666666666666,True,False,False,False
0.2,0.16968878410921284,-0.47952652972644844,-0.3333333333333333,False,False,True,False
-0.48,-0.03422147238649723,1.0332118057218167,1.6666666666666667,False,True,False,False
0.0,0.5051952696804467,0.9024660620858997,-1.0,True,False,False,False
-0.48,-0.13507214742539184,0.9000730938943673,0.6666666666666666,False,False,False,True
-0.44,-0.03724625701055851,0.08522863629688546,0.3333333333333333,False,True,False,False
0.08,-0.3577777814597023,0.592350857136632,0.16666666666666666,False,False,False,True
0.84,-0.7884231750263556,-0.9369592186426231,0.0,True,False,False,False
0.08,0.43643310305406446,-0.08267985205206818,1.1666666666666667,True,False,False,False
0.36,-0.4820260946982273,0.24845864925271696,0.0,False,False,False,True
0.32,-0.15337741867361165,-0.8879167975707206,0.0,False,False,True,False
-0.06,0.19424521317838042,0.06851783449503653,-0.3333333333333333,False,True,False,False
-1.2,-0.8372224011270218,1.1678178682006997,0.16666666666666666,True,False,False,False
-0.8,-0.8372224011270218,0.32821326283850916,-0.3333333333333333,True,False,False,False
1.04,-0.21413004380796571,0.5952916109179462,-0.3333333333333333,False,True,False,False
0.76,0.33463939951085087,-1.8975808956674511,-0.5,False,True,False,False
-0.32,0.6066526711649233,1.0720335447896483,0.16666666666666666,False,False,False,True
0.0,-0.7840132177438477,-0.22629673992714622,1.0,False,False,False,True
0.44,0.5011041813434375,-0.6599669752586103,0.0,True,False,False,False
-0.96,-0.18093552935346568,-0.2177474914777781,0.0,False,True,False,False
-0.6,-0.5172060689331236,-1.1932192057281448,11.5,False,True,False,False
1.16,-0.40584137010895555,0.6923611832079148,-0.16666666666666666,True,False,False,False
-1.16,0.6658624504505015,-0.33741830501373765,-0.16666666666666666,False,True,False,False
-1.2,0.1838639314228995,-0.6375931633065245,-0.16666666666666666,True,False,False,False
0.68,0.01498849979523764,-0.2128471565150905,0.0,True,False,False,False
-0.76,0.1597038780715647,0.7445251224893847,-0.16666666666666666,True,False,False,False
0.0,0.8012447539049738,0.010115613382692124,0.0,True,False,False,False
0.24,-0.08640194536837112,-1.1371435091671769,-0.5,True,False,False,False
0.04,0.01785415361593224,0.25839521613436034,1.1666666666666667,False,False,False,True
-0.88,1.04636311271779,-0.7792922079451993,0.5,False,False,False,True
-0.48,-0.2330537388080765,-1.6927813992381242,0.8333333333333334,False,False,False,True
0.68,0.48349827888489655,1.0259082794956436,0.16666666666666666,True,False,False,False
0.0,-0.3302687119482551,0.25262527762419446,0.8333333333333334,True,False,False,False
-1.12,-0.28170234182942294,-0.14601016555777532,0.16666666666666666,False,False,False,True
-0.44,-0.09100049800590901,-0.34502162005198966,-0.5,False,False,False,True
-0.28,0.38847069665999384,0.9522648572317894,0.5,True,False,False,False
0.92,1.1161839451494757,2.2103850765085205,0.8333333333333334,False,True,False,False
0.08,0.04836368622874432,0.24633543713352024,-0.5,False,True,False,False
-0.28,-0.754623267589305,-0.8542212494351848,-0.3333333333333333,False,True,False,False
0.08,0.4961507236883391,-0.20273087371585038,-1.1666666666666667,False,False,False,True
0.0,3.3341305703266095,0.23278121555893322,0.3333333333333333,True,False,False,False
0.2,0.057242924954669185,-1.8367718570184455,-1.0,False,True,False,False
0.28,-0.8198301991473275,0.16126253816787342,0.5,True,False,False,False
-0.24,0.10273286289725779,0.23713788155514828,0.16666666666666666,False,False,False,True
-0.52,-0.022551525060383076,0.8996068412674308,-0.16666666666666666,True,False,False,False
-0.06,-0.07976358168700483,0.8220245746404725,0.3333333333333333,False,True,False,False
0.0,0.8204858142560618,-0.004985799003026442,0.8333333333333334,True,False,False,False
0.92,1.3599397162591689,1.0397765313145915,0.3333333333333333,False,False,True,False
0.16,0.5465495410038046,1.427648361987197,0.0,False,True,False,False
0.08,-0.11002208030470641,-0.06693666628106802,0.6666666666666666,False,False,False,True
1.2,1.0310561411421204,0.22356117525203795,0.16666666666666666,False,True,False,False
0.4,-0.7526458066712011,-1.4033495213183298,-0.16666666666666666,False,False,False,True
0.08,-0.43923435175988607,-1.1678726453452863,-0.5,False,True,False,False
0.08,-0.38349983922823216,-0.7117113669772874,0.8333333333333334,False,False,False,True
0.08,-0.04182570127613017,-0.4179809816062058,1.5,False,True,False,False
-0.68,0.3808007380055745,-0.9037162690463683,1.5,False,False,False,True
-0.4,-0.15332775445609895,-0.1145397699385294,0.0,False,False,True,False
0.68,-0.5273834373685925,-0.3957161261768348,-0.16666666666666666,False,False,False,True
-0.44,0.8535913641188136,0.7094479015763968,-0.6666666666666666,False,False,False,True
-0.92,-0.17500428272498375,-0.44117353186995134,0.0,False,True,False,False
-0.96,0.052446442720882336,-1.79001478883059,-0.3333333333333333,False,True,False,False
0.08,0.42098445103132365,0.005867058252034676,1.0,False,False,False,True
-0.56,0.006857341110251806,-0.09831343477461335,-0.5,True,False,False,False
0.08,0.009978039277805967,-0.729468356483947,-0.8333333333333334,False,False,False,True
0.68,0.9174851350034051,-0.017024709031381438,0.0,False,False,True,False
-0.06,0.08894880189804663,-0.8881889045104001,-0.8333333333333334,False,True,False,False
1.12,0.7301487058698558,0.1577941166530029,0.0,False,True,False,False
-0.36,0.4151280293051308,1.8722482322038916,0.0,True,False,False,False
-0.04,2.40266488758839,-1.4318667183732297,0.16666666666666666,False,False,False,True
0.28,0.295650901970239,-0.47204332443129565,0.5,False,False,False,True
0.8,0.5023880939613583,-0.5913457735061318,0.16666666666666666,False,True,False,False
0.92,1.0018881359464764,-0.4102700019800948,-0.6666666666666666,True,False,False,False
-0.92,0.024517606710774967,0.6715045066225148,0.6666666666666666,False,True,False,False
-0.16,-0.40044467240769815,0.31634486290096037,-0.16666666666666666,False,False,False,True
-0.16,-0.3141627266420008,0.5440916080165082,-1.0,True,False,False,False
-0.4,-0.3088591632867173,-0.06504283345482847,0.6666666666666666,True,False,False,False
-0.04,-0.5467599948067129,-1.07193675463819,-0.6666666666666666,True,False,False,False
-0.12,0.2191981539939369,-0.9175343792023472,0.3333333333333333,False,False,False,True
0.0,-0.3962194702599617,0.46778385727120353,0.0,True,False,False,False
0.0,0.12193907618082026,0.03942589503963845,0.0,True,False,False,False
1.2,-0.12659159230460942,0.8503750101139103,0.0,False,True,False,False
0.68,-0.049116644521939236,0.13056496078335517,0.5,True,False,False,False
-0.48,0.42556242580530756,-0.9684000854921048,0.3333333333333333,True,False,False,False
-1.08,-0.35073070331249484,-0.4762565186610292,0.0,False,False,False,True
0.16,0.503266780958524,0.3327127879464168,0.6666666666666666,False,False,False,True
-0.06,1.6347138376705428,0.4410390478162224,0.16666666666666666,False,True,False,False
0.72,0.2399669943606214,0.5488127939347732,1.1666666666666667,False,False,False,True
-0.56,-0.47083005055394744,-0.8682828533933883,0.6666666666666666,False,True,False,False
0.52,-0.3888291154292771,-0.9818108773597432,0.16666666666666666,False,False,False,True
-0.04,-0.18289951501455223,-0.22903632035712618,0.3333333333333333,True,False,False,False
0.6,-0.3784801728345574,0.9842703126405519,1.1666666666666667,True,False,False,False
-1.0,-0.5642528015907886,-0.6042712259074776,0.0,False,False,False,True
0.24,0.09123031346212467,0.2509443966795431,0.5,False,False,False,True
-0.28,-0.1661534302849265,0.2510108347365753,0.0,False,True,False,False
0.6,0.11800810495000563,0.47858760536899686,-0.3333333333333333,False,False,False,True
0.88,1.1063501266041338,1.1512926166808568,-0.16666666666666666,False,False,False,True
1.16,-0.175558397923118,1.0749647413795786,-0.16666666666666666,True,False,False,False
1.28,-0.6427133034699252,-0.5303785916059657,0.16666666666666666,True,False,False,False
0.04,-0.272068276046164,-1.6494521969396936,0.5,False,False,False,True
0.08,0.6334620572967062,-0.5928526318306669,-1.0,False,False,False,True
0.08,0.5398867086589939,-0.03141248578387441,0.0,False,False,False,True
-0.52,0.39150414151335666,-0.3569589068046852,0.0,True,False,False,False
-0.24,-0.39377368907851923,1.3771922753494255,0.8333333333333334,False,True,False,False
0.92,0.6146059550778354,-0.07376382214328837,-0.5,False,True,False,False
1.08,0.8559134079777149,0.3988897267432168,-0.3333333333333333,True,False,False,False
0.08,-0.42914623185182804,0.07395372763409508,0.16666666666666666,False,False,False,True
0.6,-0.049081621192058826,0.0750268170628007,0.5,False,False,True,False
-0.28,2.4093739309412774,-1.5206057856558786,-0.16666666666666666,True,False,False,False
0.04,-0.4507502775918461,-0.14626845910466632,0.5,False,False,False,True
0.64,-0.818739332892072,2.3350689948034633,0.16666666666666666,True,False,False,False
-0.32,1.3663636805431334,-1.014139571817323,1.0,False,False,False,True
0.0,1.0444390136948574,-1.4387656516199112,0.16666666666666666,True,False,False,False
-0.16,-0.30469272739121916,1.3537359786878416,-1.2016666666666664,False,False,True,False
-1.16,-0.09689347922672123,0.4646746249117432,0.0,False,True,False,False
-0.56,-0.6577631603824257,0.051774262733932326,0.8333333333333334,False,True,False,False
0.08,0.04282996753744419,0.9266527322137634,0.0,False,True,False,False
-0.88,1.0807017541634523,-0.7067279666703653,-0.5,False,False,False,True
0.48,-0.3511051121427827,-0.16709509103965986,0.6666666666666666,False,False,False,True
0.68,0.7455252773185345,0.623288304876005,1.0,False,True,False,False
0.32,0.3426576422323371,1.4832384458810124,-0.5,False,False,True,False
0.44,0.44566438751561327,-0.9576278731109908,-0.3333333333333333,False,False,False,True
-0.2,-0.31972751847054054,0.0750268170628007,0.16666666666666666,False,False,True,False
0.76,-0.24655574402092745,0.1965031108624922,0.0,False,False,False,True
-0.24,-0.8372224011270218,0.03364116013468044,0.5,False,False,False,True
-0.28,-0.36379350488710976,-0.09349795175578794,-0.16666666666666666,False,False,False,True
-0.72,1.0776771408204184,-1.1184979978840224,0.0,True,False,False,False
1.16,-0.5376277425827983,0.6291951613096848,0.0,True,False,False,False
-0.96,-0.46998543583630475,-0.6700781662489114,-0.6666666666666666,True,False,False,False
1.04,0.5045109318546551,-0.8914837772262643,0.16666666666666666,False,False,False,True
0.2,0.28998656980866877,0.5714060784848803,-1.0,False,False,False,True
0.56,0.5527065724282644,0.4997002071401567,-0.16666666666666666,False,False,False,True
-0.44,-0.6341269625810702,-0.028935224333071545,0.6666666666666666,False,False,True,False
0.08,3.334468983241998,0.7158859055186166,1.6666666666666667,False,False,False,True
-0.92,-0.6542926626747331,0.9737465448036727,0.16666666666666666,False,False,False,True
-0.6,0.0911100883585904,0.8861194135809687,0.3333333333333333,True,False,False,False
-0.68,-0.12657941449179433,-0.481003781489694,-0.16666666666666666,True,False,False,False
-0.06,-0.6431830012618838,0.6671722645598354,-0.3333333333333333,False,True,False,False
-0.64,-0.2556022438429192,0.06980484726887816,-0.8333333333333334,False,False,False,True
-0.06,-0.004145513362404625,1.1970500508881687,0.0,False,True,False,False
0.04,-0.40655616453692434,-0.1798496075439547,0.8333333333333334,True,False,False,False
1.28,0.8113666518110584,-0.3531075637638074,-0.3333333333333333,False,False,False,True
0.8,-0.12848699428347948,-0.5446647208892628,0.0,True,False,False,False
-0.24,-0.7003847844754794,0.05316484282715314,-0.6666666666666666,True,False,False,False
1.08,-0.7299435276758589,0.25969395346825885,0.6666666666666666,True,False,False,False
1.28,0.47218247098463684,0.2740141565563314,-0.3333333333333333,True,False,False,False
1.24,-0.75031458337541,0.17218561362701237,0.16666666666666666,True,False,False,False
-0.36,0.2180737584238467,0.41178684106900876,-1.1666666666666667,True,False,False,False
1.08,0.3260077323743038,-0.25340800813698156,0.3333333333333333,False,False,True,False
1.08,-0.5660206321577235,-0.7372589983542097,0.6666666666666666,True,False,False,False
0.72,0.7602855972572544,-0.0238431823916191,0.6666666666666666,True,False,False,False
0.84,-0.8224965948900695,0.6380999442016,-0.8333333333333334,True,False,False,False
0.44,0.20188086006638173,0.2623715027869552,0.0,False,False,False,True
0.0,-0.048596227237413706,-1.4692604704181345,0.6666666666666666,True,False,False,False
-0.64,-0.10083692025277319,0.7286971692657962,1.1666666666666667,False,True,False,False
0.92,-0.6398140770351652,1.3120827810709237,-0.3333333333333333,False,False,True,False
1.16,-0.5409831313933915,-0.6206845156951485,0.3333333333333333,True,False,False,False
-0.92,1.714176158446516,0.16249889823681035,-1.0,False,False,False,True
0.88,1.1428352047901351,-0.440194213239333,0.6666666666666666,True,False,False,False
1.16,0.6046817400007032,0.3799778587657265,0.0,False,False,False,True
-1.04,0.8142861480334307,-0.9557404605049554,-0.6666666666666666,False,False,False,True
0.0,0.7122476839022176,-0.14092951765544875,0.16666666666666666,True,False,False,False
-1.0,-0.2281921732325303,0.6427622490070497,-0.8333333333333334,True,False,False,False
0.64,0.013061260620137948,0.8321400315095935,0.0,False,True,False,False
0.96,-0.7455791706830228,0.22974633887052218,0.0,False,False,False,True
0.36,-0.08148555990143708,-0.3401351126260043,-0.5,True,False,False,False
0.84,1.1026091891824357,-1.2733027345386552,-0.5,False,True,False,False
-0.6,-0.41193789641473005,-0.6516767041026991,-0.5,False,False,False,True
-0.72,0.9089606595187988,-0.4370790620241891,-0.16666666666666666,False,True,False,False
-0.04,0.04474684018701273,-0.6071487400173015,0.6666666666666666,True,False,False,False
-0.48,-0.7159029961374314,-0.04341197784131741,-0.16666666666666666,False,True,False,False
-0.56,-0.6120785682579536,-0.3422510666842131,0.8333333333333334,False,True,False,False
1.28,0.7915335208460034,0.040385800776468396,0.8333333333333334,True,False,False,False
-0.48,0.4223196544617479,0.8075114292144344,-1.2016666666666664,False,True,False,False
1.08,0.05217931865504016,-0.39032137954382806,0.3333333333333333,False,False,False,True
0.96,-0.19863410672632137,-1.1171732022501366,-0.6666666666666666,False,False,True,False
1.24,0.13403952898114474,-0.6101069131449861,-0.16666666666666666,True,False,False,False
-0.32,0.7489738755781918,0.34668870211997443,-0.16666666666666666,False,False,False,True
-0.88,1.4985335803586883,0.41692835655961136,-1.0,False,False,False,True
-0.76,1.5689791229774637,0.21455233484247085,0.6666666666666666,False,False,True,False
-1.2,0.26396987265436894,0.8805461368858684,0.6666666666666666,True,False,False,False
1.08,-0.1350838435821638,-0.2264759373586426,-0.16666666666666666,False,False,True,False
-1.2,0.08511021244958734,1.439922174134608,0.5,False,False,True,False
0.12,0.39464559572271446,0.5213278226808016,1.3333333333333333,True,False,False,False
0.68,0.39098778132842177,-1.8975808956674511,-1.0,False,True,False,False
-1.2,1.264214714093144,1.2526958249534226,0.16666666666666666,False,False,True,False
-0.6,2.5959776788496454,-0.6587016875362423,-0.3333333333333333,True,False,False,False
1.2,-0.15618273482485787,-0.8575461909949922,-0.3333333333333333,False,False,False,True
0.08,2.6772081428666437,0.3021596716579238,0.8333333333333334,False,False,False,True
1.28,1.0885980375131052,-1.3816744347089513,0.0,True,False,False,False
0.0,-0.08886751391502459,-0.6054629701172105,0.0,True,False,False,False
-0.36,1.5317732283218273,1.0713856727720954,0.0,True,False,False,False
0.0,1.8204282212980192,0.32631335892340974,0.3333333333333333,True,False,False,False
0.08,-0.3065338064619057,0.5169005134186805,-0.6666666666666666,False,False,False,True
-0.2,1.8965731941281565,-0.5767592885375827,-0.6666666666666666,True,False,False,False
-0.6,0.9700271898974714,-1.2329322190525227,-0.16666666666666666,False,True,False,False
0.8,3.136002973976617,0.4384223742743836,-0.6666666666666666,False,True,False,False
1.04,-0.2863108513741067,0.6047538516033774,-0.8333333333333334,True,False,False,False
-0.08,-0.24585776617113475,0.5710594982563426,-0.3333333333333333,False,True,False,False
-0.06,-0.8372224011270218,0.06789039596630975,0.0,False,True,False,False
0.16,0.4395229637394837,-0.8076457591739459,0.5,False,False,True,False
0.64,0.2667302342415841,1.7269717417857284,11.333333333333334,True,False,False,False
1.24,-0.3618652824746142,0.26941750370407774,0.8333333333333334,True,False,False,False
0.16,-0.0762564735218817,-0.21718827797791934,0.6666666666666666,False,False,True,False
0.16,-0.6896108530350727,-0.21388500117184786,0.0,False,False,True,False
-0.6,1.1215784847864252,0.02361864180598728,0.5,False,True,False,False
0.68,-0.32266736533130075,0.7084898602307201,-0.3333333333333333,False,True,False,False
0.32,3.334468983241998,0.053418115284673696,0.0,True,False,False,False
0.08,-0.13742457125066396,0.5513471759533412,-0.16666666666666666,False,False,False,True
-0.32,-0.4601932286179398,0.024958747854266397,0.16666666666666666,True,False,False,False
-0.84,-0.2796919072060807,-0.17138228287610058,-0.3333333333333333,True,False,False,False
-0.06,-0.7250959324246393,0.3896131900618013,-0.5,False,True,False,False
0.12,0.35900597294915215,0.36135189362691594,0.8333333333333334,True,False,False,False
0.84,-0.28397891038398865,-0.21402263001313013,1.5,False,False,False,True
-0.84,1.0378744173416523,-0.6454662206454069,0.6666666666666666,False,False,True,False
-0.48,-0.19906821714886458,0.16664445552672,-0.3333333333333333,True,False,False,False
1.08,1.3685006083126154,-0.029420148042742518,0.0,False,False,True,False
-1.2,0.6202407533323375,-0.5007998558611618,0.3333333333333333,False,False,True,False
0.08,-0.0004174151205305728,-0.003985637454500702,-0.6666666666666666,False,False,False,True
-1.08,1.6544664972070937,0.21782080496571116,0.0,True,False,False,False
-0.6,0.8281827475647946,0.32175565245420784,-1.0,True,False,False,False
-0.28,3.334468983241998,-0.35575804163164426,0.16666666666666666,False,False,False,True
0.0,-0.2780727669634284,-0.5194588961699976,-0.5,True,False,False,False
-1.16,0.033884128080793365,-0.7057998624069093,-0.16666666666666666,True,False,False,False
0.04,1.6368490219754288,0.19681269731248738,1.1666666666666667,False,False,True,False
-0.28,-0.7688312567946428,-0.6862379993359752,-0.3333333333333333,True,False,False,False
-0.76,1.276226880145428,1.580593386890814,-0.5,False,True,False,False
0.76,0.3213626943725024,-0.3931644662510335,0.5,True,False,False,False
0.16,-0.519464117295537,-1.8931137434127885,0.3333333333333333,False,False,False,True
0.08,-0.7080868493178085,-0.11020447762919428,0.16666666666666666,False,False,True,False
0.08,-0.41781200185324824,-0.14211151931408686,-0.8333333333333334,True,False,False,False
1.2,-0.8372224011270218,0.739837466951842,0.0,True,False,False,False
0.8,-0.32258019938192883,0.12674173695957694,-0.3333333333333333,False,True,False,False
0.48,0.48768789442957566,-0.7084648694240107,0.8333333333333334,False,True,False,False
-0.76,-0.31534503244237166,-0.3009390303158367,0.3333333333333333,False,True,False,False
0.0,1.3738868896750671,0.15599249321121755,-0.3333333333333333,True,False,False,False
0.0,1.779156253382118,-1.6991932216422034,-1.1666666666666667,True,False,False,False
0.08,1.2212856256121198,0.9087479309923596,0.16666666666666666,False,False,True,False
0.36,0.14963433928112485,-0.7064807779567855,1.1666666666666667,False,False,True,False
0.08,-0.8372224011270218,0.967126627054106,0.6666666666666666,False,False,False,True
0.48,-0.4332047729618616,0.2044133402676711,0.5,False,True,False,False
0.52,-0.11585510282013263,0.3809360798879908,0.0,False,False,False,True
-0.08,-0.5219850153616913,0.7679055936295172,0.0,False,False,False,True
-0.72,-0.11421247370282027,0.3389047722811882,0.0,True,False,False,False
-0.76,1.7005530866689766,0.4131634190598552,-0.16666666666666666,False,False,False,True
0.6,-0.800882957412523,-0.21013850398570813,-0.5,False,False,False,True
-1.16,2.0306975392132594,0.1893043206896212,0.5,True,False,False,False
0.16,0.7537659045052689,-0.525087264897869,-0.16666666666666666,False,False,False,True
-0.06,0.1792514268536284,-0.34338508362672415,0.8333333333333334,False,True,False,False
-0.92,-0.43804707612747046,1.3748072430101144,0.0,False,True,False,False
-0.2,-0.5130774761820021,-0.6893768401177663,0.6666666666666666,False,False,False,True
0.16,-0.7948773656218998,0.02713202607815632,-0.16666666666666666,False,False,True,False
0.12,1.871113376425527,-0.003275966583615788,0.6666666666666666,True,False,False,False
-0.96,1.5898100916092128,-0.31907495090379323,0.16666666666666666,False,False,False,True
-0.06,-0.723143636023102,0.2951843597883228,0.0,False,True,False,False
1.08,-0.3564085222264534,0.3512546719846627,2.0,False,False,False,True
0.0,0.316033916304199,-0.7769392774513245,-0.3333333333333333,True,False,False,False
-0.08,-0.21399261818086526,-0.012292581307021426,-0.3333333333333333,True,False,False,False
0.2,-0.8372224011270218,0.07687323539596086,-0.16666666666666666,False,True,False,False
-0.4,-0.41046949765371804,0.49926442087558087,-0.3333333333333333,False,False,False,True
0.2,2.2791064958605105,0.04363587711212461,12.736666666666679,False,True,False,False
-0.84,-0.3759389030551685,-0.026456463999622672,0.5,False,False,False,True
-0.06,-0.1296682950052494,0.40284962692735105,-1.2016666666666664,False,True,False,False
-0.28,-0.6270776673599837,-0.2928386002587041,-0.6666666666666666,False,True,False,False
-0.06,0.45492560439042345,0.07687323539596086,1.1666666666666667,False,True,False,False
0.72,0.062013150228468976,-0.7937822146728086,-0.5,False,False,False,True
0.2,-0.4517808789816693,0.9632800021250782,-1.0,False,False,False,True
-0.06,-0.6872355216177324,-0.49785157156241694,0.16666666666666666,False,True,False,False
-0.28,1.3965872110087354,-1.3504078953181469,0.0,False,False,False,True
-0.32,-0.7884650821675453,-0.3323110014171735,0.6666666666666666,False,False,False,True
1.24,0.3781860967219649,-0.41675261470956165,1.3333333333333333,True,False,False,False
0.24,-0.8372224011270218,-0.33792321519011925,1.1666666666666667,False,False,True,False
-0.76,0.5698229123274714,0.08469841670352722,0.0,True,False,False,False
0.96,0.8484414432936219,0.7295077897153974,-0.5,False,False,False,True
-0.72,0.9936070749419303,-0.23045323865094255,0.6666666666666666,False,False,False,True
-0.32,-0.12821917781312633,-0.6025957296996628,0.16666666666666666,False,False,False,True
-0.04,1.66025378500598,-0.9263642391778313,-0.16666666666666666,False,True,False,False
-0.56,2.9998961992909026,-0.4362671913270567,0.5,True,False,False,False
1.24,-0.2271659216910782,-1.493072172366,-1.2016666666666664,False,False,False,True
-0.72,-0.3013867836197327,-0.6275452387867081,0.0,False,True,False,False
1.12,0.08730451246598872,0.8383500705502277,-0.16666666666666666,False,True,False,False
-0.48,-0.3161011856823354,-0.7006663776816335,-0.3333333333333333,True,False,False,False
0.72,-0.393347716995436,0.38028227710409024,0.3333333333333333,False,True,False,False
-0.76,-0.34798880597329307,-1.0007577098363651,0.6666666666666666,False,True,False,False
1.2,1.869456693450859,1.2306888402423637,0.0,False,True,False,False
-0.48,0.6349524854034453,1.280200602897517,0.5,False,False,False,True
0.08,-0.317889303279939,0.3522220144424433,-0.5,False,False,False,True
-0.88,-0.8372224011270218,1.394577124342206,-1.0,False,False,True,False
-0.06,-0.7691291899873718,0.17711397438252727,-0.8333333333333334,False,True,False,False
-0.12,0.37784007724297664,0.4843526381743519,0.8333333333333334,False,False,False,True
0.0,-0.8372224011270218,0.8516602232608352,-0.5,True,False,False,False
0.84,0.1990869205005945,0.046041192940334416,-0.5,False,False,False,True
0.08,-0.5952025272100975,-1.2433596054226088,0.3333333333333333,False,False,False,True
-0.6,0.0449071163125059,0.4995731575741284,0.0,True,False,False,False
0.0,0.024688950196248484,-0.43900426419001765,-0.3333333333333333,True,False,False,False
-0.76,0.0660265206614976,-0.38367195349595123,-0.6666666666666666,False,True,False,False
-0.24,-0.26951733137939693,0.13401370364774262,12.736666666666679,True,False,False,False
0.84,-0.288136934733377,0.3338046459764201,-0.6666666666666666,False,True,False,False
0.88,-0.4415342884877167,0.024018509601671924,0.0,True,False,False,False
-0.32,0.36044143938826134,0.38550337258082007,-0.5,True,False,False,False
-0.6,0.6693305180367733,-0.6139403127702691,1.1666666666666667,True,False,False,False
1.04,-0.6555112532303574,-0.11953360063740302,-0.16666666666666666,True,False,False,False
0.32,-0.05591874060366675,0.5443290381740381,-0.5,False,True,False,False
0.88,0.12326592554198951,1.2319508324328352,0.5,False,True,False,False
0.44,0.1134633134801905,1.4952095723194903,0.16666666666666666,True,False,False,False
1.08,0.10055075755354878,0.2345708006691018,0.0,False,False,False,True
0.32,-0.2738578696493988,0.5375729938157091,0.6666666666666666,False,False,False,True
-0.68,0.187878270532521,1.3873760584880597,1.0,False,True,False,False
-1.04,0.4833922440504532,-0.5871256130266833,-0.6666666666666666,False,True,False,False
0.16,0.0812143296890886,0.38101477662392697,-0.8333333333333334,False,False,False,True
-0.06,0.3800884009047379,0.48422298724482377,-0.8333333333333334,False,True,False,False
-0.52,0.8712214103049803,0.9900677685070679,0.3333333333333333,False,True,False,False
0.0,-0.8372224011270218,-0.934251010529898,0.5,True,False,False,False
-0.88,0.8183146061408431,-0.7870533675717298,0.5,False,False,False,True
0.16,0.2394043361859695,-0.0718269199831478,0.3333333333333333,False,False,True,False
1.08,-0.6137988528210642,0.1934425179334806,-0.16666666666666666,False,True,False,False
-0.56,0.6664999821911798,0.7481342763179741,0.8333333333333334,False,False,False,True
-0.96,-0.27174244780308665,0.29752394140531235,0.0,False,False,False,True
0.6,-0.19129217882805533,-0.20045869938619118,-0.5,True,False,False,False
-0.72,-0.33241666262894926,0.22227658518173318,0.3333333333333333,False,False,False,True
0.36,0.2066811116323058,0.13635828811589792,-0.16666666666666666,False,True,False,False
0.44,-0.4723616983786928,1.211274852533785,-0.8333333333333334,False,False,False,True
-0.88,0.7719783276422517,0.03557506192407125,0.0,False,True,False,False
0.76,-0.11379524346617248,-0.37291780922019774,-0.5,False,True,False,False
-0.16,-0.25212384421722933,0.24695219477413924,-1.0,True,False,False,False
0.08,0.6155921946815901,0.060011558233214864,-0.5,False,False,False,True
-1.04,-0.22594114356044548,-1.2572175842936972,0.0,False,False,False,True
-0.08,0.8235764999259367,-0.09939584392583566,0.0,False,True,False,False
0.24,0.858970189200483,-0.16273540420124086,-0.16666666666666666,True,False,False,False
0.28,-0.698078713434526,-0.4926113881297057,-0.3333333333333333,False,False,False,True
-0.06,1.011082552837464,0.6831611074074428,-0.3333333333333333,False,True,False,False
-0.92,-0.7420805514661739,-0.003985637454500702,-0.16666666666666666,False,False,False,True
0.16,1.087774579259355,0.2514258324256491,0.5,False,False,True,False
-0.56,2.424604117653909,-0.19781138305527904,0.3333333333333333,False,False,True,False
0.0,0.7430805357018059,-0.007574250598286822,-0.5,True,False,False,False
0.56,-0.8372224011270218,0.21879632335003796,-0.6666666666666666,True,False,False,False
-1.08,0.9563496365756291,-1.061124152450408,0.8333333333333334,False,False,True,False
0.2,2.86594722451972,0.054931341348048716,-1.2016666666666664,False,False,True,False
0.0,-0.21610073740118602,1.616186114377017,0.16666666666666666,True,False,False,False
0.0,-0.044394181364937266,-1.2466245302622128,-0.16666666666666666,True,False,False,False
-0.48,-0.6438919778826101,-0.1306285101321141,0.0,True,False,False,False
1.2,0.2145349414274699,0.7484137090605442,0.0,False,False,True,False
0.92,1.2127842834120317,0.13678615751087334,-0.6666666666666666,True,False,False,False
0.32,0.5604567128278398,0.42438976757255503,0.5,False,False,False,True
-0.06,3.334468983241998,-1.8562291955248083,-0.8333333333333334,False,True,False,False
-0.48,0.0027128740181938255,0.3576025215042084,-1.2016666666666664,True,False,False,False
0.32,-0.7962506570481023,-0.6547574681137158,0.16666666666666666,False,False,False,True
0.0,0.10373145734254027,0.14293357623455516,-0.16666666666666666,True,False,False,False
0.56,-0.8372224011270218,-0.10965589067503793,-0.3333333333333333,False,True,False,False
-0.72,-0.34605342845873355,1.6082845347194943,-0.3333333333333333,True,False,False,False
1.08,1.7229103960958785,0.3192248350741054,0.16666666666666666,False,True,False,False
-0.44,0.22518618622224093,-0.17158322918039856,0.5,False,True,False,False
0.0,0.11014576666443672,-1.2115844084627037,0.6666666666666666,True,False,False,False
1.2,2.0463772662016932,0.0024395632681365833,0.6666666666666666,True,False,False,False
0.32,-0.1965502461873357,0.5250809790448455,0.8333333333333334,False,False,False,True
-1.2,1.2031470855233655,-0.14770834934761295,-0.5,True,False,False,False
-1.12,0.0724825493668584,-0.46416313446560775,-0.6666666666666666,False,True,False,False
-0.06,0.2707608132449387,-0.5139871578870743,0.16666666666666666,False,True,False,False
1.24,-0.6548802121593019,0.31062392970195873,0.0,False,False,False,True
1.28,-0.3184912587633938,0.4775567299396209,-0.16666666666666666,False,False,False,True
-0.24,-0.7201176547309239,0.9255630947782137,0.5,False,False,False,True
1.0,-0.08517223035909043,-0.8284385402569093,-0.3333333333333333,False,True,False,False
0.08,0.27949575249510844,0.3038021883532352,-0.6666666666666666,False,False,False,True
0.28,-0.6131651471230202,-0.0238431823916191,1.0,True,False,False,False
-1.0,2.4647550305545214,-0.1564048556658405,-0.16666666666666666,True,False,False,False
1.08,0.1871389767867848,0.21138160958486468,1.8333333333333333,False,False,False,True
0.52,0.02034188600415323,0.21572185524166768,0.0,False,False,False,True
0.56,0.632677300125185,0.3058795179885334,1.1666666666666667,False,False,False,True
0.04,-0.49261243471266786,-0.8749432067312383,-0.6666666666666666,True,False,False,False
0.56,0.09806305581965041,-0.6459161828336124,0.0,False,True,False,False
1.2,-0.4396282866272852,1.0183606873831557,0.16666666666666666,True,False,False,False
0.64,1.6215987287094527,-0.2519419777082314,-0.6666666666666666,True,False,False,False
-0.4,-0.592369751299883,0.1400579797416651,-0.3333333333333333,False,False,False,True
0.0,0.02419277664907587,0.6973668259357858,-1.0,True,False,False,False
0.08,0.22861321686690453,0.25725048443279036,0.0,False,False,False,True
0.2,0.2832409543162537,0.3190962795534742,0.0,False,False,False,True
-0.48,-0.3713996703635702,0.5781942042171908,0.5,False,False,False,True
-0.44,-0.5227153005683854,-1.6634236439442067,0.16666666666666666,False,False,False,True
1.04,-0.36385941359650403,-0.45247117612962956,-1.0,True,False,False,False
-0.52,0.4002594593739837,0.26109370142302785,0.16666666666666666,True,False,False,False
0.64,-0.11702579101543323,0.9452411434006067,0.8333333333333334,False,True,False,False
0.72,0.6600023275980392,-0.003985637454500702,-0.5,False,False,False,True
-0.68,0.35434715391346566,-0.7165650728063154,1.1666666666666667,False,False,False,True
-0.64,-0.8372224011270218,-0.6967409540316076,0.3333333333333333,True,False,False,False
0.0,0.16285203369901272,0.5702166829092408,0.5,False,False,False,True
-1.2,2.8752099951855046,-0.24985844150026812,-0.3333333333333333,False,False,False,True
0.92,1.2874405662355188,-0.0931040240316574,-0.3333333333333333,False,False,False,True
-1.12,0.3064427841987565,0.37009444061755054,-1.0,False,True,False,False
-0.6,-0.5926781908784894,-1.8975808956674511,12.736666666666679,True,False,False,False
1.04,0.35483296055192826,1.4013624138476082,0.0,True,False,False,False
-0.06,0.6023290023518039,-0.6319676248502301,0.5,False,True,False,False
-0.76,-0.1862649323867702,0.09235723729792257,0.16666666666666666,False,False,True,False
0.0,0.21833131757469298,-1.3567487949651407,1.3333333333333333,True,False,False,False
-0.6,1.5481530176539877,-0.4022907703752095,-0.16666666666666666,False,False,False,True
0.0,-0.5055510349349337,0.8388221426532432,-0.3333333333333333,True,False,False,False
0.0,-0.5922305086378129,-1.5141706782383053,0.16666666666666666,True,False,False,False
-0.28,0.5554945642891174,0.7506177491801496,0.5,True,False,False,False
-0.12,0.337243078425535,-0.2914880839177191,0.16666666666666666,True,False,False,False
-0.92,0.9155814207217944,0.27490906207662136,0.0,False,True,False,False
0.2,0.43822725687095865,0.40172783925929195,0.3333333333333333,False,False,False,True
-0.92,-0.3643623383750409,0.24085726188102144,-0.6666666666666666,True,False,False,False
1.08,0.31521147040945086,-0.7316277375681907,1.3333333333333333,True,False,False,False
1.16,-0.6258794155641974,-0.35912059483569836,-0.8333333333333334,False,True,False,False
0.76,-0.1841622554582405,-1.175750742011744,-1.0,True,False,False,False
-0.12,0.37727650212090114,0.27835711858898526,1.8333333333333333,False,False,False,True
0.4,-0.2499829214231605,1.1792937693216115,-0.5,True,False,False,False
0.08,3.334468983241998,-1.4458881111847282,0.5,False,False,False,True
-0.16,-0.8372224011270218,-0.6547259792952769,-0.5,True,False,False,False
1.28,-0.3536934363072977,-0.2230607077533973,-0.3333333333333333,True,False,False,False
-0.56,-0.5413131067831318,0.041294026885816404,0.16666666666666666,True,False,False,False
0.0,-0.4315645770314023,0.566729164505391,0.0,True,False,False,False
0.08,-0.40304359492105846,-0.20104436944887089,-0.3333333333333333,False,False,False,True
-0.06,-0.6950800160221404,-0.3229490838839642,-0.3333333333333333,False,True,False,False
-0.08,0.6154162802534441,0.7334445210522342,-1.1666666666666667,True,False,False,False
-0.72,-0.3534843703788427,0.40505623975042043,0.6666666666666666,True,False,False,False
0.6,0.09813543182474645,0.3134799134252269,-0.3333333333333333,False,False,False,True
0.16,-0.29236596407328475,-0.003985637454500702,-0.16666666666666666,False,False,False,True
-1.0,-0.4269120405991241,0.644130548341871,1.5,False,False,True,False
0.08,1.7988930665498013,-0.5763117382588748,-0.6666666666666666,False,False,False,True
0.08,0.7955357905824757,-0.6778389030468633,2.1666666666666665,False,False,False,True
0.64,-0.8372224011270218,0.4676657031102801,-0.6666666666666666,False,False,False,True
-0.24,-0.8372224011270218,0.0750268170628007,-0.5,False,False,True,False
-0.06,0.9316626837000848,-0.019124242005761596,0.16666666666666666,False,True,False,False
-0.84,-0.3389678622768388,-0.32339545537912606,0.6666666666666666,True,False,False,False
1.0,-0.8018922245433829,-1.13421122349589,-0.6666666666666666,True,False,False,False
-0.04,0.9353290268932715,-0.7809951537674614,-0.16666666666666666,True,False,False,False
-1.04,0.10233239329464743,-0.16886779352776277,0.8333333333333334,False,False,False,True
0.08,0.16606269655558825,0.6819551295818009,1.3333333333333333,False,True,False,False
0.08,0.6738587699668527,-0.5738169011342341,0.16666666666666666,False,False,False,True
-0.52,-0.6891614461055732,0.8155169580770074,0.0,True,False,False,False
0.72,-0.7965053527020425,-0.04071253076651699,-0.6666666666666666,False,True,False,False
-0.8,1.655573239719181,0.8877278177618462,0.0,False,True,False,False
-0.2,-0.7336984741229662,-0.5377377257455529,0.6666666666666666,True,False,False,False
1.28,-0.6567453027608479,-0.12407885413499123,0.16666666666666666,False,True,False,False
1.12,-0.5773978793671486,0.18656108778002706,0.0,False,False,False,True
-0.16,2.524854036942898,-0.22137474318838868,-0.16666666666666666,False,True,False,False
0.72,0.36887249122672433,0.6217027200388732,0.0,False,True,False,False
0.08,0.8429204078282799,-1.7310910783439681,-0.5,False,False,False,True
0.08,0.12294775513186594,1.7155344900256804,-0.8333333333333334,False,True,False,False
-1.2,-0.38208954880106066,0.5507973897441849,-0.5,False,True,False,False
-0.4,0.49600283842320303,-0.2169241496944106,0.0,False,False,False,True
0.96,-0.77302320858188,-0.4989015643522264,-1.0,True,False,False,False
-1.0,-0.6072501568649696,-0.7327220000635264,-0.16666666666666666,False,True,False,False
0.0,0.59551727813054,0.39286262806029865,-0.8333333333333334,True,False,False,False
0.08,-0.7060480609788166,0.6529365921999004,-0.3333333333333333,False,False,False,True
-1.04,-0.14598636990570016,-0.2087313241486959,0.3333333333333333,False,True,False,False
-1.12,-0.1168098849580786,0.7363177506728253,-0.5,False,True,False,False
0.88,-0.34368339219243604,-0.7631235501725991,-0.16666666666666666,False,False,False,True
-0.32,-0.8372224011270218,-0.8945508830553354,-0.6666666666666666,True,False,False,False
0.88,-0.395920963831401,1.262136943192546,0.16666666666666666,False,False,False,True
0.24,-0.4907903981071542,0.3522868211106904,-0.16666666666666666,True,False,False,False
0.0,0.09652538403734368,0.9520926748092903,1.5,True,False,False,False
-0.06,0.058581791959818316,-0.7234310097911224,0.16666666666666666,False,True,False,False
0.0,0.26900661503842427,-0.7752317415568521,0.8333333333333334,True,False,False,False
-0.56,-0.4195487056378788,-0.3546988895410764,-0.3333333333333333,False,False,False,True
0.08,0.39523970944728004,-0.7011871990165333,-0.3333333333333333,False,False,False,True
0.16,-0.7728285371569399,0.43734131810017135,0.8333333333333334,False,False,True,False
-1.2,-0.8372224011270218,-0.6468948300005376,1.0,False,False,False,True
0.8,-0.8372224011270218,-0.9599545792999962,-1.1666666666666667,True,False,False,False
0.56,-0.3278823783113698,0.01797442705604234,0.3333333333333333,True,False,False,False
0.08,-0.45718049612397127,-1.0480312000064207,-0.3333333333333333,False,False,False,True
-1.08,0.6528732916708623,-1.4272948534741863,0.5,False,False,False,True
1.24,-0.40589707476072834,0.011454694369434637,-0.6666666666666666,False,False,False,True
0.08,0.18336176533884574,-1.3898924732697044,-0.6666666666666666,False,False,False,True
0.04,0.67778103958503,0.48938659292319897,-1.0,True,False,False,False
0.12,-0.42466283830784274,-1.126453656051236,-0.16666666666666666,False,False,False,True
0.08,0.20316704416960388,-1.755738754525636,-0.8333333333333334,False,False,False,True
0.32,0.8844728240945027,-0.3064512682068634,0.3333333333333333,True,False,False,False
-0.2,-0.6627350592947957,0.019894344981263478,0.6666666666666666,True,False,False,False
0.12,-0.0030577179039115655,0.2781179613851487,-0.3333333333333333,True,False,False,False
0.92,-0.4225453722013951,0.040307135678233935,0.5,True,False,False,False
-1.12,-0.6384976451623381,-0.8763139968837074,-0.8333333333333334,False,False,False,True
0.76,-0.7665484772911478,0.44307032598507373,-0.3333333333333333,True,False,False,False
-0.76,-0.6447217869456365,0.6269987667198615,-0.3333333333333333,True,False,False,False
0.0,0.02194227997902443,-0.9853334283768355,0.5,True,False,False,False
0.92,-0.7901155641559388,-0.22248814909873577,1.0,False,False,True,False
-1.04,-0.3554047295744232,-0.29204187843758184,0.16666666666666666,False,True,False,False
1.04,0.6776742866730807,0.07631149832412802,12.736666666666679,True,False,False,False
-0.56,0.329797025457121,-0.24029284528195516,-0.16666666666666666,True,False,False,False
0.64,-0.34466878228827674,-0.13827352515009425,-0.6666666666666666,True,False,False,False
-0.32,1.826967727854569,0.3900338870036876,-0.6666666666666666,False,False,False,True
0.0,2.17360567427696,-0.9169148296276016,0.3333333333333333,True,False,False,False
-0.68,-0.002162695218254696,0.4611685463432186,1.3333333333333333,False,True,False,False
0.08,-0.8372224011270218,0.7617338563072356,-0.16666666666666666,False,False,False,True
-0.06,0.7556311805654665,1.1287328803774677,-0.6666666666666666,False,True,False,False
0.8,-0.8372224011270218,-1.683302217345048,0.5,True,False,False,False
0.28,1.4989597562930164,-0.223899204368107,0.8333333333333334,False,True,False,False
-0.06,0.9801747975838851,-1.5505975054430923,-0.6666666666666666,False,True,False,False
0.28,1.9667830701468985,-1.8975808956674511,-0.16666666666666666,True,False,False,False
0.76,0.17293780242053056,0.019521052855041413,0.16666666666666666,False,False,False,True
0.0,-0.2504891852237821,-0.3848793762340427,0.5,True,False,False,False
-0.04,-0.30088473478846284,0.1354698087711441,0.0,True,False,False,False
0.0,-0.3530422848511071,0.2741372882582594,0.3333333333333333,True,False,False,False
0.8,0.8606464395955976,0.841210164941473,1.0,False,False,False,True
1.28,0.5748430569285782,-0.04760493585260039,0.0,False,False,False,True
0.84,0.06575732398027158,2.0884499980683366,-0.8333333333333334,False,False,True,False
0.28,-0.44220895257566717,0.140352364462078,0.5,True,False,False,False
0.16,3.334468983241998,1.2838276320275908,-1.1666666666666667,False,False,True,False
-0.04,0.7839134363912066,-1.8243471683935122,-0.5,True,False,False,False
0.8,-0.78601872813345,0.9170242011625214,0.0,False,True,False,False
0.0,-0.33703609200968615,-0.22230528429929533,1.1666666666666667,True,False,False,False
-1.04,0.8053189946263053,-1.5381260611336927,1.0,True,False,False,False
-0.08,-0.4790028048555698,0.22531653209100477,-0.16666666666666666,False,True,False,False
-1.08,0.2469520545983252,-0.3132692956616108,-0.3333333333333333,True,False,False,False
-0.84,0.8265064247488432,0.34405702486334533,0.0,False,True,False,False
1.0,-0.8372224011270218,0.664917818509399,-0.8333333333333334,False,False,False,True
-0.56,-0.09363189072725953,-1.1962921261945876,-0.3333333333333333,False,False,False,True
0.08,-0.0675056637625658,0.6677782575654891,0.5,False,False,False,True
-0.56,-0.27955564797595356,-0.08292075602924899,12.736666666666679,False,True,False,False
0.0,0.2061116746373992,0.9193331169135254,1.6666666666666667,True,False,False,False
0.12,0.5211893674757234,-0.2404599198905606,-1.0,False,True,False,False
-1.0,0.08197179225180444,-0.4379243376678616,-0.6666666666666666,False,True,False,False
0.88,-0.257692243293176,-0.06760471645258319,0.8333333333333334,True,False,False,False
0.0,0.4972720921440766,-0.011917399107276683,1.1666666666666667,True,False,False,False
-0.06,0.014094696385260648,-0.5811321407542172,-1.0,False,True,False,False
0.48,-0.1720590364884841,-0.4572016274280054,-0.3333333333333333,False,False,False,True
0.08,-0.6899930262220855,-1.0010505964185485,0.3333333333333333,False,False,False,True
-0.32,-0.7749496024640349,-0.411301172570618,0.16666666666666666,True,False,False,False
0.96,-0.6968017957498338,0.41571218469425975,-0.8333333333333334,False,False,False,True
0.0,0.18731732325224673,-0.1899929059628159,-1.2016666666666664,True,False,False,False
0.08,-0.07440387264088279,0.6634206766813814,0.3333333333333333,False,False,False,True
-0.6,-0.7481650562961784,-0.22578094824240677,-0.3333333333333333,False,True,False,False
-0.92,0.510007662657178,-1.1533898248424712,0.6666666666666666,True,False,False,False
-1.08,1.3544494297616056,0.35687709729110595,-0.6666666666666666,False,False,False,True
-1.08,-0.38034053155823766,-0.589200379635932,-0.5,False,False,True,False
1.0,-0.8292917929828636,-0.2614666540953203,0.0,False,True,False,False
-0.24,-0.43585803256102956,0.8335248755013843,0.3333333333333333,False,True,False,False
0.08,0.7212384660443494,-0.9519153287416581,1.0,False,False,False,True
-0.06,0.4186599839482244,0.07687323539596086,0.6666666666666666,False,True,False,False
-0.16,-0.5346061958215573,-0.11790671966650067,-0.8333333333333334,True,False,False,False
0.04,1.5652372831691448,0.4340364850913825,-0.6666666666666666,True,False,False,False
0.76,1.3186782535796076,0.548846094290793,0.6666666666666666,True,False,False,False
1.2,-0.4474436004156925,0.10866192006643081,0.8333333333333334,False,False,False,True
0.8,-0.4523905440272474,-0.35601302810818275,0.16666666666666666,False,True,False,False
-0.48,-0.377413887897382,-0.0238431823916191,0.3333333333333333,True,False,False,False
-0.4,-0.3322293363628732,0.90654011258675,0.16666666666666666,False,True,False,False
-1.04,0.8262173502721544,-0.10805927246858006,-0.6666666666666666,False,True,False,False
0.08,0.3092942243764394,-0.2866940553549649,0.8333333333333334,False,False,False,True
0.44,0.7455002400174064,0.20121615807503573,0.3333333333333333,False,False,False,True
1.2,0.5367612054263786,-0.05891515740144967,-0.5,False,False,False,True
-0.36,1.867440961760579,-1.0835571738029905,-1.1666666666666667,True,False,False,False
-0.4,-0.5926754925317462,0.0904176087123084,-1.0,True,False,False,False
0.16,0.27102255786035107,-1.090296365315914,1.0,False,False,True,False
-1.2,-0.8372224011270218,0.19102538560977456,-1.0,True,False,False,False
-1.04,-0.6916791538231071,-0.6811503970945977,-0.3333333333333333,True,False,False,False
-0.76,-0.07157499059599123,-0.06029397794703733,0.6666666666666666,False,True,False,False
0.6,0.3031752445457491,0.2030203620366585,0.0,True,False,False,False
0.12,-0.08952411762566125,1.7389819776344746,-0.5,False,True,False,False
0.72,-0.36406757598880163,0.465171144769623,-1.0,True,False,False,False
0.08,-0.2666553008996286,0.9282345778467577,0.8333333333333334,False,False,False,True
0.56,1.347723361381148,1.3056157906663681,-1.1666666666666667,True,False,False,False
-0.16,-0.2635669273320325,0.27646599208897343,0.0,True,False,False,False
0.08,1.9248598457837511,0.1249280137718128,0.0,False,False,False,True
-0.2,0.6577329413512487,-0.8818289976766166,0.16666666666666666,False,True,False,False
0.64,0.3372384515387239,-0.17456543840061678,-0.3333333333333333,False,False,False,True
1.0,-0.6458520382576932,-0.6260226360529536,-0.3333333333333333,False,False,True,False
1.28,0.8091605533290834,-0.3862990209533327,0.16666666666666666,True,False,False,False
0.68,-0.3248824846140464,1.3048085137635288,1.1666666666666667,False,False,False,True
1.2,-0.646174839386418,-0.0024180470254947994,0.16666666666666666,False,False,False,True
0.16,0.3862851476863244,-0.7397782988664615,0.5,False,False,True,False
-0.2,-0.7167983529552039,0.9354812083189522,0.5,True,False,False,False
0.2,-0.46144051276901543,0.6233786465194315,-0.16666666666666666,False,False,False,True
-1.2,-0.027477580050189007,0.6623697068449,-0.5,False,True,False,False
-0.92,2.8070902852998985,-1.5811406384361903,-0.5,True,False,False,False
0.84,-0.4249573539267854,1.3628786454591497,-0.3333333333333333,False,True,False,False
0.0,-0.30538412758974903,-0.5035117868008611,-0.6666666666666666,True,False,False,False
0.64,0.5948848871197547,0.49137818736444366,-0.5,False,True,False,False
1.0,-0.6627848507277472,1.7910140446475462,-1.1666666666666667,False,False,True,False
-0.68,0.32440186468696103,1.516721094616324,-0.5,False,True,False,False
-0.12,1.131074134041607,-0.8154575782051297,-0.5,False,False,False,True
0.0,-0.21852786810960528,-1.1630667478056718,0.16666666666666666,True,False,False,False
-1.16,0.9124598975697844,0.9770294346469501,0.6666666666666666,False,False,True,False
-0.2,0.19784396665575937,0.018004500738692843,-0.6666666666666666,False,False,False,True
-0.68,-0.4463220966977567,-0.46060860629284467,-0.16666666666666666,True,False,False,False
1.12,-0.15149616136552788,0.07687323539596086,-0.5,False,True,False,False
1.0,-0.26110963890108085,-0.2089944377924993,0.0,False,False,False,True
-0.96,-0.08011618533129941,0.43433307663454396,-0.8333333333333334,True,False,False,False
-1.12,0.0899610953769012,-0.03788182705577316,0.16666666666666666,True,False,False,False
-0.32,0.4553335233765943,0.450013310823244,-0.3333333333333333,True,False,False,False
-0.52,0.38253483540642996,-0.7536490947288381,0.0,False,False,False,True
0.28,-0.8372224011270218,0.9726488516648434,0.0,False,False,False,True
-0.64,-0.08654021130708876,0.431578164946508,-1.0,False,False,False,True
-0.06,-0.7577661660004344,0.3933702423296585,0.16666666666666666,False,True,False,False
-0.12,-0.19966225691987688,-0.9197561390403857,-1.0,False,True,False,False
0.08,-0.10397443078353404,1.1774902435234307,0.3333333333333333,False,False,False,True
0.32,0.8550622872632883,-0.09795468184727876,0.8333333333333334,True,False,False,False
1.04,-0.041253413812404695,0.4542274035637065,-0.3333333333333333,False,True,False,False
-0.56,0.1721078814692271,-0.3280600518708066,0.3333333333333333,False,False,False,True
0.52,0.656738995633982,0.10646593639452162,0.0,False,False,False,True
-0.24,1.158977882937312,0.13344231596025383,-1.0,False,False,False,True
-0.56,-0.10346704158609568,-1.8975808956674511,-0.6666666666666666,False,False,False,True
-0.72,0.046637238230904536,0.34583981010088893,-0.6666666666666666,False,False,True,False
-0.24,-0.01346564592927567,1.375288443892811,0.0,True,False,False,False
-0.06,-0.3511019942149996,0.31407714650958085,-0.6666666666666666,False,True,False,False
-0.84,-0.46470183380951274,-0.8006780247200161,0.0,True,False,False,False
0.16,-0.8372224011270218,0.3960979307058664,1.0,False,False,True,False
-0.52,-0.5997220131534622,0.7009506093052449,-0.16666666666666666,True,False,False,False
0.12,-0.8372224011270218,0.2937443452278187,0.16666666666666666,True,False,False,False
-0.92,1.1945027753946589,-0.1429256329381685,-0.3333333333333333,True,False,False,False
0.36,0.11701020175969692,-0.26800407300161805,-0.5,False,False,False,True
0.0,-0.10537939157354967,-0.27110123985825896,0.16666666666666666,True,False,False,False
0.44,-0.43992916991538117,0.43169245558573643,0.5,False,False,False,True
0.4,0.0004174151205308516,-1.1352305265983857,0.0,False,False,False,True
-1.0,-0.5013287595086434,-0.3645727121604181,-0.16666666666666666,True,False,False,False
0.84,0.10604286453469278,1.1000541073465255,-1.0,True,False,False,False
-0.2,0.16146378104750692,1.1287777485938695,-1.0,False,True,False,False
-0.06,-0.5074115319862444,-1.1881012897297918,0.16666666666666666,False,True,False,False
1.12,-0.5159994082734805,-0.9299871647118849,1.0,False,True,False,False
1.0,0.8393057313462275,-0.2891986186535374,-0.5,False,True,False,False
1.12,-0.056753472750895956,0.5767141835967305,1.1666666666666667,True,False,False,False
0.0,-0.4703239200996291,-1.4481462744790148,-0.3333333333333333,True,False,False,False
0.08,-0.25577388467532153,-0.12854464377542785,0.3333333333333333,True,False,False,False
0.88,-0.572441891964081,-0.44073098444240943,1.1666666666666667,False,True,False,False
-0.36,-0.06642475709670918,0.8993258065405282,-0.5,False,False,True,False
-0.4,0.6970236613906732,-1.336062547329147,0.16666666666666666,False,False,False,True
0.0,-0.03957680016356798,-0.018855428736937418,0.5,True,False,False,False
0.0,3.124815763258561,-0.380753555286896,-0.16666666666666666,True,False,False,False
-1.08,0.3058812981687632,1.006398398657503,-0.16666666666666666,True,False,False,False
0.08,0.14909843275058993,0.357158307328097,-1.1666666666666667,False,False,False,True
1.24,-0.5283852788729918,-0.5238350405686542,0.0,True,False,False,False
1.24,-0.1769057534933622,0.5475307683793507,-0.16666666666666666,False,False,True,False
-0.28,-0.46937867797004224,-0.37719480962238683,-0.8333333333333334,False,False,False,True
0.96,-0.8372224011270218,0.6561733464576657,-0.16666666666666666,False,False,True,False
-0.88,0.8529253096805326,-0.26422821751709513,0.3333333333333333,False,True,False,False
-1.12,-0.3344501600318677,0.6973670246949945,-0.6666666666666666,False,True,False,False
0.0,-0.460564944082812,0.23688241679100122,0.0,False,False,False,True
0.36,0.13404111879094852,2.3394192048474816,-0.6666666666666666,False,False,False,True
0.2,0.3859758160669315,-0.12712085079512725,-0.5,False,False,False,True
-0.28,-0.22666326973601203,0.19726482054182598,-1.0,False,False,False,True
-1.0,-0.022266010700080278,-0.44463588452921166,0.8333333333333334,False,False,False,True
0.16,0.6088230075478441,-0.08574517872567651,0.0,False,False,True,False
-0.06,-0.24979662360960625,-1.8975808956674511,-0.16666666666666666,False,True,False,False
-1.08,0.20662842259951472,0.25884423849672,-0.3333333333333333,False,True,False,False
-0.06,-0.804984360545894,0.9119135462028226,1.3333333333333333,False,True,False,False
-1.0,-0.6639165362789204,0.20751373342547327,0.3333333333333333,True,False,False,False
0.8,0.47159346427020943,-1.0658043541454205,0.5,True,False,False,False
1.24,-0.6832031278784825,-0.6846077859845586,0.16666666666666666,False,False,False,True
1.04,0.15236694567833842,-1.896819336623776,0.0,False,False,False,True
-0.06,-0.11906570245216797,0.6409830034700181,0.0,False,True,False,False
0.08,-0.25227738827030965,-0.8370093049489195,-0.16666666666666666,False,False,False,True
0.08,-0.49239851084044545,-0.1091153393249159,-0.8333333333333334,False,False,False,True
-0.92,0.7805841217642021,-0.2021889783217166,0.0,False,False,False,True
-0.2,1.8927307134966271,1.019744379018187,-0.3333333333333333,True,False,False,False
0.8,0.20489614951403057,-0.024259369658278622,-0.5,False,False,False,True
0.56,0.22302414030085546,0.5144090548283775,0.3333333333333333,False,True,False,False
0.52,-0.4226919213212467,0.31905245798668813,-0.8333333333333334,True,False,False,False
-1.04,-0.6468092363394357,0.9242241161487416,0.0,False,False,False,True
0.08,-0.04783317485897931,-0.26575181739676684,-0.3333333333333333,False,False,False,True
-0.2,-0.5568321936259927,1.3040283313884606,12.736666666666679,True,False,False,False
0.0,-0.8372224011270218,-1.5659038865877293,-0.3333333333333333,True,False,False,False
-0.48,0.667513420608982,0.5505732392328049,-0.6666666666666666,False,False,True,False
-0.44,0.7187932266780581,-0.7328701367160777,-0.3333333333333333,False,False,False,True
-0.76,-0.5062597540593506,-0.4545550942232634,0.3333333333333333,True,False,False,False
0.64,0.16007215565416186,0.3361371913685423,-0.3333333333333333,True,False,False,False
-1.2,0.8845012073149379,0.33017276473952406,-0.16666666666666666,False,True,False,False
-0.68,0.1297619554560346,0.36369083541791375,0.3333333333333333,False,False,False,True
0.08,-0.6456826014710828,-1.119623052051734,-0.16666666666666666,False,False,False,True
0.28,-0.17341787670067468,0.9909378391759073,-0.16666666666666666,True,False,False,False
0.24,1.2895204271517686,-0.7582007766352118,-0.8333333333333334,False,True,False,False
-0.8,0.1624810811435933,-0.6589253698096365,0.3333333333333333,False,False,False,True
0.0,0.410078157291545,0.38711667353351037,0.3333333333333333,True,False,False,False
-1.12,0.2387451103812171,-0.30118416778971885,0.8333333333333334,False,False,False,True
0.08,-0.5047516280626619,0.14173026863093974,0.3333333333333333,False,False,False,True
-1.0,-0.3918058651130693,-1.6931533583376988,0.5,False,True,False,False
0.76,0.2364653173750974,0.12391162394333498,1.1666666666666667,False,False,True,False
-0.84,0.6815200603452106,0.07441345693914045,1.0,True,False,False,False
-1.04,0.9997747893978015,-0.4672913051533304,0.16666666666666666,False,True,False,False
-0.32,-0.5059276393810748,-1.6317205815770264,0.6666666666666666,False,True,False,False
-0.84,0.3160129774859968,-0.24616217456266248,0.0,False,False,True,False
0.52,1.1071771591518946,-0.11556590939005894,1.0,True,False,False,False
-1.16,-0.5625137765075823,-0.3611155149577088,-0.6666666666666666,False,False,False,True
-0.72,1.5144302518196537,-1.4546227803876293,0.3333333333333333,True,False,False,False
0.36,1.7458138080641765,1.0994021358272434,0.5,False,True,False,False
-1.16,3.334468983241998,-0.5633232609502026,1.3333333333333333,True,False,False,False
0.08,0.14986276762924441,-0.25315701098852883,-1.0,False,False,False,True
1.28,0.15415691326430825,-1.881396659791258,0.3333333333333333,True,False,False,False
0.0,0.6921428173116705,1.0994924640711727,-0.5,True,False,False,False
-0.56,0.6616542242834186,-0.4350516633819877,-0.16666666666666666,False,False,False,True
-0.88,1.0318967872745293,-0.014446844155539998,0.5,False,True,False,False
0.08,0.6474267358635017,0.7465512682785974,12.736666666666679,False,False,False,True
-0.64,-0.09232884674663054,-0.5911962075738783,12.5,False,True,False,False
-0.28,1.151590375893193,0.629311282469115,-0.16666666666666666,True,False,False,False
0.28,-0.597523160586982,-1.6222288960175717,-0.16666666666666666,False,False,False,True
0.16,-0.016379207091621578,0.3224193745881248,0.6666666666666666,False,False,False,True
0.72,1.629276898124169,1.0826588380114153,0.0,True,False,False,False
0.08,-0.6672483116816683,-0.5198160754008266,-0.16666666666666666,False,False,False,True
1.24,-0.4202874943536507,0.745169761878236,0.5,False,True,False,False
1.16,0.534990738587704,1.277458112171185,-0.6666666666666666,False,False,False,True
0.76,0.2824666042872405,-0.27745266294926846,-0.8333333333333334,False,True,False,False
0.08,-0.5135605404081329,-0.33900582012288394,0.8333333333333334,False,False,False,True
0.0,-0.28188693756171723,-0.756448887660564,-0.8333333333333334,True,False,False,False
-0.88,-0.6409273006373991,-0.46719573472832665,0.16666666666666666,True,False,False,False
0.12,0.8599833191591643,-0.694711556258864,0.5,False,False,False,True
0.0,-0.1875724990295136,-0.7570573383573305,0.6666666666666666,True,False,False,False
0.16,1.997232816868068,0.8046885984527168,-0.6666666666666666,True,False,False,False
-1.2,0.037129517303499386,-0.6757781672000245,-0.5,False,False,False,True
0.36,-0.1652454894845649,0.10470379084917762,-1.1666666666666667,False,False,False,True
0.0,-0.2243181102188281,-0.05928259059751722,0.3333333333333333,True,False,False,False
-0.36,-0.18040003742264346,1.027462137301052,0.3333333333333333,False,True,False,False
1.16,0.05882486579371871,-0.4623019979013891,-0.5,False,False,False,True
0.0,3.334468983241998,0.1959887082589632,-0.6666666666666666,True,False,False,False
-0.06,-0.23733318531229483,0.5011411574322158,-0.16666666666666666,False,True,False,False
-0.8,-0.21808535495406994,1.02125001501081,0.16666666666666666,False,False,False,True
-0.68,0.025937640231192306,-0.4731683298397259,-1.0,False,False,False,True
1.16,0.9881895165909934,-0.5477135468264757,12.736666666666679,False,False,False,True
-0.04,-0.7281880795393422,-0.878151539166592,-0.5,True,False,False,False
0.16,0.33510166669502134,1.5769941717670701,0.0,False,True,False,False
0.24,-0.48730943769599366,0.9428799517444951,0.8333333333333334,False,False,False,True
-1.04,0.42300636876389597,-0.11915960578199433,0.5,False,False,True,False
-0.06,-0.324876703591991,1.350051004176508,-0.16666666666666666,False,True,False,False
0.08,-0.8372224011270218,-0.1635729836948086,0.0,False,False,False,True
-0.2,0.2619747422015636,0.4515189252277879,0.5,True,False,False,False
1.24,0.2549314651903532,-0.08017205947466843,0.0,True,False,False,False
-1.08,-0.37027789956984913,0.2083887559529476,0.5,True,False,False,False
0.44,-0.4006928570835271,0.12944784432890621,-0.3333333333333333,False,False,False,True
-0.52,-0.6896656487861818,-0.40411032011100956,2.0,True,False,False,False
0.36,0.636199398637218,0.7255297596393326,-0.5,False,False,False,True
0.0,0.7510488931114777,0.4452226101745048,0.6666666666666666,True,False,False,False
0.32,-0.5153670272253501,0.6772886333391828,-0.5,False,False,True,False
-0.68,-0.3496876804079924,0.1506382134319876,0.3333333333333333,True,False,False,False
0.04,-0.06380207786654583,-0.762609779950897,-0.16666666666666666,False,False,True,False
0.8,2.9191859927727735,1.184751021631428,1.0,False,False,True,False
0.28,0.4155431095242303,-0.28319538633618835,-0.8333333333333334,False,False,False,True
-0.32,-0.5437630845413325,0.18327331642547487,1.6666666666666667,False,True,False,False
1.28,0.20779956754422133,0.38524418387307413,-0.5,False,False,False,True
-0.64,-0.7128752955209368,0.17832643607598536,-0.5,False,False,False,True
-0.24,0.5805323604844829,0.593707354492079,1.1666666666666667,True,False,False,False
-0.56,1.8041441930040962,0.7112960577499035,0.8333333333333334,True,False,False,False
0.08,1.810976547584442,-0.2551139628907835,-1.0,False,False,False,True
0.08,0.5974437275736545,1.1222805374844027,0.16666666666666666,False,False,False,True
0.88,-0.3725318325894592,-0.28643160349744035,-0.6666666666666666,False,False,False,True
0.8,-0.6858740091149729,0.16293736142316187,0.5,True,False,False,False
0.32,-0.7210464971811215,-0.3763382318750276,0.5,False,False,False,True
0.8,-0.8372224011270218,-0.589089001154097,-1.1666666666666667,True,False,False,False
0.0,0.5566325297614456,0.6895688969722917,0.8333333333333334,True,False,False,False
-1.0,-0.09019825714151679,2.236247405126998,-1.0,True,False,False,False
0.0,0.7804483487882665,-0.3570442251254919,0.8333333333333334,True,False,False,False
-0.96,1.4297657530284666,0.8169612560101188,0.16666666666666666,True,False,False,False
0.8,0.05081934921424232,-0.33035795323510536,0.0,False,True,False,False
0.0,0.08489584447286695,-0.09554938090739937,-0.5,True,False,False,False
0.44,-0.30875624676323626,1.2206301894250327,0.5,False,True,False,False
0.0,-0.2415688329204429,-0.8869015828037063,0.0,True,False,False,False
-0.64,0.5910001874393042,-1.0838918965931237,-0.5,False,True,False,False
-0.08,-0.13664285000661264,-0.15265630500675353,-0.5,False,False,False,True
0.08,-0.22561547165441306,0.40629231433562535,0.8333333333333334,True,False,False,False
-0.16,-0.033143117692993766,0.25741686077870785,0.16666666666666666,False,False,False,True
0.2,0.7555032934140087,0.18075134271352997,0.3333333333333333,False,False,False,True
-0.08,-0.4277889343184201,-0.062335780304321284,0.6666666666666666,False,False,False,True
0.28,-0.06598396939635483,0.49776919219799803,0.3333333333333333,True,False,False,False
1.04,0.16110495994023993,-1.8975808956674511,0.5,False,False,True,False
-0.16,1.0736178701375079,-0.646656056915621,-0.16666666666666666,False,False,False,True
0.96,-0.1773770522073163,-0.15743081422415783,0.6666666666666666,True,False,False,False
0.08,-0.4400935314957132,0.4367231464403888,0.0,False,True,False,False
0.08,-0.3197557878868033,1.021261577660276,1.0,False,False,False,True
-0.06,0.9439386692822396,-0.746627027919187,0.0,False,True,False,False
-0.84,2.434107808304256,0.9969291965610642,-0.3333333333333333,False,False,False,True
-1.04,-0.6905265401827446,-0.4246385698089235,-0.5,False,True,False,False
0.0,-0.6072574652386465,-0.18445117838389213,-0.3333333333333333,True,False,False,False
0.28,-0.13308078362247097,0.34508377659745576,0.3333333333333333,False,True,False,False
-0.72,0.0589241497799767,-0.23903648423018548,0.0,False,True,False,False
0.0,0.6504525784448705,0.7386456851490748,1.0,True,False,False,False
0.64,-0.5207672597531774,-0.388938197089691,-0.16666666666666666,True,False,False,False
0.84,-0.5941994311775474,-0.3777204704090282,1.3333333333333333,True,False,False,False
1.0,0.07901384631264823,0.6953670566846193,0.0,False,False,True,False
-0.64,-0.18911390489148708,-0.6558265860803324,-0.5,True,False,False,False
-0.08,0.7997217099822124,0.09756273799315171,-0.6666666666666666,False,False,False,True
-0.92,0.363517046963228,-1.3238349057548238,0.16666666666666666,True,False,False,False
-1.04,0.424940243833471,1.2668253878115912,0.3333333333333333,False,False,False,True
-0.08,-0.09128552994381062,0.8104329923102891,0.3333333333333333,False,False,False,True
0.64,3.1065846222090454,1.9594810173403852,-0.16666666666666666,False,False,True,False
0.08,-0.4966579216794402,0.9085558692991273,-0.3333333333333333,False,False,False,True
-0.06,0.476563306660715,-0.9286744740348936,0.3333333333333333,False,True,False,False
0.56,-0.6744534297215382,0.4100098053323921,-0.5,False,False,False,True
-1.16,-0.5984240857624471,-0.7711250710966737,-0.3333333333333333,True,False,False,False
-0.16,-0.38489651722029283,1.0869729851697394,-0.16666666666666666,True,False,False,False
0.2,1.7306651813916791,-0.003985637454500702,0.0,False,False,False,True
0.2,0.17581616475699993,-0.9431940608970063,-0.16666666666666666,False,False,True,False
-0.2,-0.3761976132758268,-1.2861144173923307,-0.5,False,True,False,False
0.48,0.2660463539315568,-0.45130219394357046,0.3333333333333333,True,False,False,False
-0.16,0.004213848744608685,-0.6010028681911306,0.16666666666666666,True,False,False,False
0.0,-0.32390516503497696,-1.0269366172091314,-1.0,True,False,False,False
-0.44,-0.7198099182858411,1.3935025609688076,-0.5,False,False,True,False
-0.8,1.4447399182877074,0.30670774872734047,-0.16666666666666666,False,True,False,False
-0.06,0.13345999330285072,0.2191300073069292,-0.16666666666666666,False,True,False,False
0.28,2.713874739857312,1.0952560421852375,-0.16666666666666666,False,False,False,True
-1.0,0.8148133004558009,0.10301834067597844,0.0,False,False,False,True
0.08,0.42121540146383174,-0.6450740947814426,-1.1666666666666667,False,False,False,True
-0.32,-0.29257787050790374,-1.3534083963408872,0.16666666666666666,True,False,False,False
0.64,-0.6072751485677929,-0.6870422066373292,0.6666666666666666,False,False,False,True
0.6,-0.16399230552593402,1.0329120388700255,0.6666666666666666,True,False,False,False
